{
  "@microsoft/generator-sharepoint": {
    "plusBeta": false,
    "isCreatingSolution": true,
    "nodeVersion": "18.20.4",
    "sdksVersions": {
      "@microsoft/microsoft-graph-client": "3.0.2",
      "@microsoft/teams-js": "2.12.0"
    },
    "version": "1.19.0",
    "libraryName": "e-committee-form",
    "libraryId": "eec28e9c-5983-4f55-a1b7-310691c42b8f",
    "environment": "spo",
    "packageManager": "npm",
    "solutionName": "eCommitteeForm",
    "solutionShortDescription": "eCommitteeForm description",
    "skipFeatureDeployment": true,
    "isDomainIsolated": false,
    "componentType": "webpart"
  }
}
